GCF_000006605.1	1
GCF_000006985.1	8
GCF_000007085.1	3
GCF_000007425.1	5
GCF_000007465.2	10
GCF_000007585.1	3
GCF_000007625.1	6
GCF_000007705.1	10
GCF_000007745.1	3
GCF_000007985.2	1
GCF_000008185.1	5
GCF_000008325.1	8
GCF_000008625.1	3
GCF_000009145.1	3
GCF_000009765.2	1
GCF_000009805.1	1
GCF_000009825.1	2
GCF_000009905.1	8
GCF_000010045.1	6
GCF_000010105.1	4
GCF_000010165.1	4
GCF_000010185.1	9
GCF_000010265.1	2
GCF_000010425.1	2
GCF_000010605.1	1
GCF_000010625.1	2
GCF_000010665.1	10
GCF_000010785.1	6
GCF_000010805.1	4
GCF_000010845.1	1
GCF_000010905.1	1
GCF_000010945.1	1
GCF_000010985.1	6
GCF_000011025.1	2
GCF_000011145.1	3
GCF_000012405.1	8
GCF_000012485.1	2
GCF_000012585.1	2
GCF_000012665.1	1
GCF_000012725.1	2
GCF_000012845.1	2
GCF_000012865.1	3
GCF_000012885.1	1
GCF_000012925.1	2
GCF_000012985.1	2
GCF_000013085.1	8
GCF_000013105.1	2
GCF_000013345.1	8
GCF_000013405.1	3
GCF_000013605.1	2
GCF_000013705.1	2
GCF_000013785.1	2
GCF_000013945.1	1
GCF_000014185.1	3
GCF_000014205.1	5
GCF_000014405.1	1
GCF_000014565.1	4
GCF_000014725.1	3
GCF_000014765.1	3
GCF_000014785.1	1
GCF_000014865.1	2
GCF_000014965.1	8
GCF_000015025.1	2
GCF_000015045.1	1
GCF_000015125.1	3
GCF_000015285.1	9
GCF_000015485.1	2
GCF_000015565.1	7
GCF_000015585.1	3
GCF_000015865.1	3
GCF_000016085.1	2
GCF_000016165.1	2
GCF_000016185.1	8
GCF_000016425.1	6
GCF_000016505.1	2
GCF_000016545.1	3
GCF_000016565.1	1
GCF_000016725.1	1
GCF_000016745.1	1
GCF_000016785.1	3
GCF_000016905.1	3
GCF_000016985.1	2
GCF_000017005.1	5
GCF_000017245.1	2
GCF_000017305.1	4
GCF_000017465.2	6
GCF_000017545.1	3
GCF_000017665.1	1
GCF_000017725.2	6
GCF_000017805.1	3
GCF_000017845.1	3
GCF_000017865.1	3
GCF_000017965.1	2
GCF_000018145.1	8
GCF_000018265.1	1
GCF_000018405.1	8
GCF_000018425.1	3
GCF_000018605.1	6
GCF_000018865.1	3
GCF_000018945.1	3
GCF_000019045.1	6
GCF_000019085.1	3
GCF_000019165.1	8
GCF_000019225.1	2
GCF_000019785.1	2
GCF_000019905.1	2
GCF_000020025.1	2
GCF_000020365.1	2
GCF_000020385.1	1
GCF_000020465.1	6
GCF_000020485.1	3
GCF_000020505.1	3
GCF_000020525.1	3
GCF_000020545.1	8
GCF_000020605.1	2
GCF_000020625.1	8
GCF_000020645.1	3
GCF_000020965.1	3
GCF_000020985.1	3
GCF_000021045.1	8
GCF_000021285.1	3
GCF_000021325.1	8
GCF_000021385.1	2
GCF_000021545.1	3
GCF_000021565.1	6
GCF_000021645.1	3
GCF_000021685.1	3
GCF_000021805.1	2
GCF_000021825.1	8
GCF_000021865.1	2
GCF_000021905.1	1
GCF_000021925.1	6
GCF_000021945.1	3
GCF_000021985.1	3
GCF_000022065.1	2
GCF_000022085.1	8
GCF_000022125.1	1
GCF_000022145.1	1
GCF_000022185.1	3
GCF_000022265.1	2
GCF_000022325.1	3
GCF_000022565.1	2
GCF_000022905.1	1
GCF_000022985.1	2
GCF_000023025.1	3
GCF_000023065.1	7
GCF_000023105.1	4
GCF_000023245.1	4
GCF_000023265.1	1
GCF_000023325.1	3
GCF_000023465.1	6
GCF_000023545.1	9
GCF_000023565.1	9
GCF_000023865.1	1
GCF_000023905.1	3
GCF_000024025.1	1
GCF_000024045.1	2
GCF_000024165.1	8
GCF_000024205.1	3
GCF_000024245.1	10
GCF_000024265.1	2
GCF_000024285.1	3
GCF_000024345.1	4
GCF_000024365.1	1
GCF_000024385.1	1
GCF_000024425.1	8
GCF_000024445.1	2
GCF_000024545.1	2
GCF_000024605.1	3
GCF_000024665.1	3
GCF_000024725.1	10
GCF_000024765.1	2
GCF_000024785.1	4
GCF_000024805.1	3
GCF_000024845.1	8
GCF_000024865.1	4
GCF_000024885.1	6
GCF_000024945.1	5
GCF_000024965.1	4
GCF_000024985.1	1
GCF_000025005.1	8
GCF_000025085.1	5
GCF_000025105.1	3
GCF_000025185.1	5
GCF_000025265.1	4
GCF_000025305.1	2
GCF_000025485.1	8
GCF_000025605.1	3
GCF_000025645.1	3
GCF_000025725.1	4
GCF_000025885.1	2
GCF_000025925.1	4
GCF_000025965.1	2
GCF_000026225.1	1
GCF_000026485.1	5
GCF_000026985.1	9
GCF_000027065.2	1
GCF_000027085.1	1
GCF_000027145.1	6
GCF_000027185.1	5
GCF_000027205.1	1
GCF_000027225.1	1
GCF_000027265.1	9
GCF_000055785.1	1
GCF_000058485.1	1
GCF_000062885.1	6
GCF_000067045.1	8
GCF_000067165.1	8
GCF_000069225.1	4
GCF_000069945.1	1
GCF_000087965.2	10
GCF_000091305.1	4
GCF_000091545.1	8
GCF_000091565.1	1
GCF_000091765.1	1
GCF_000092105.1	2
GCF_000092125.1	8
GCF_000092205.1	7
GCF_000092225.1	4
GCF_000092365.1	1
GCF_000092385.1	4
GCF_000092405.1	3
GCF_000092425.1	8
GCF_000092565.1	2
GCF_000092645.1	1
GCF_000092845.1	6
GCF_000092905.1	3
GCF_000092945.1	3
GCF_000092965.1	3
GCF_000092985.1	1
GCF_000143085.1	9
GCF_000143845.1	5
GCF_000143965.1	3
GCF_000143985.1	2
GCF_000144645.1	3
GCF_000144695.1	2
GCF_000145035.1	4
GCF_000145215.1	3
GCF_000145235.1	4
GCF_000145615.1	3
GCF_000146025.2	2
GCF_000146065.2	3
GCF_000146185.1	4
GCF_000146505.1	3
GCF_000146875.3	4
GCF_000147055.1	10
GCF_000147075.1	2
GCF_000147335.1	3
GCF_000147695.2	6
GCF_000147715.2	3
GCF_000147815.2	1
GCF_000148465.1	1
GCF_000152245.2	2
GCF_000152825.2	2
GCF_000153485.2	6
GCF_000154945.1	4
GCF_000154965.1	4
GCF_000159695.1	6
GCF_000160975.1	4
GCF_000161455.1	2
GCF_000163875.1	1
GCF_000163895.2	10
GCF_000164155.2	4
GCF_000164395.1	1
GCF_000164675.2	2
GCF_000164885.1	2
GCF_000164905.1	6
GCF_000164985.3	4
GCF_000165485.1	4
GCF_000165715.2	2
GCF_000165795.1	8
GCF_000166055.1	3
GCF_000166115.1	2
GCF_000166195.2	6
GCF_000166335.1	6
GCF_000166355.1	3
GCF_000166415.1	6
GCF_000166695.1	3
GCF_000166775.1	3
GCF_000172155.1	3
GCF_000175295.2	3
GCF_000176115.2	1
GCF_000176855.2	2
GCF_000177215.2	8
GCF_000177535.2	1
GCF_000177635.2	7
GCF_000178115.2	2
GCF_000178395.2	3
GCF_000179635.2	2
GCF_000182745.2	1
GCF_000182875.1	5
GCF_000183405.1	3
GCF_000183525.2	2
GCF_000183745.1	1
GCF_000183945.1	6
GCF_000184345.1	2
GCF_000184925.1	3
GCF_000185805.1	3
GCF_000186225.1	2
GCF_000186245.1	6
GCF_000186345.1	3
GCF_000187005.1	1
GCF_000189295.2	2
GCF_000189775.2	3
GCF_000190535.1	6
GCF_000190555.1	1
GCF_000190635.1	3
GCF_000191785.1	2
GCF_000192745.1	1
GCF_000192865.1	7
GCF_000193395.1	3
GCF_000193435.2	3
GCF_000194115.1	1
GCF_000194605.1	6
GCF_000194765.1	5
GCF_000194785.1	5
GCF_000195275.1	5
GCF_000195295.1	3
GCF_000195315.1	9
GCF_000195335.1	8
GCF_000195755.1	2
GCF_000195795.1	5
GCF_000195835.2	5
GCF_000196155.1	9
GCF_000196255.1	9
GCF_000196275.1	8
GCF_000196295.1	2
GCF_000196475.1	9
GCF_000196675.1	4
GCF_000196695.1	4
GCF_000196815.1	1
GCF_000196835.1	1
GCF_000198515.1	1
GCF_000199675.1	3
GCF_000203195.1	5
GCF_000203835.1	4
GCF_000204075.1	2
GCF_000204155.1	1
GCF_000208385.1	9
GCF_000208405.1	3
GCF_000209675.1	7
GCF_000210055.1	5
GCF_000210095.1	2
GCF_000210155.1	1
GCF_000210375.1	3
GCF_000212375.1	2
GCF_000212395.1	3
GCF_000212415.1	2
GCF_000212695.1	1
GCF_000212735.1	3
GCF_000213235.1	3
GCF_000213255.1	6
GCF_000214275.2	9
GCF_000214355.1	3
GCF_000214375.1	4
GCF_000214435.1	2
GCF_000214665.1	10
GCF_000215085.1	3
GCF_000215665.1	8
GCF_000215705.1	2
GCF_000215975.1	3
GCF_000217795.1	3
GCF_000217815.1	3
GCF_000218545.1	4
GCF_000218625.1	3
GCF_000218915.1	4
GCF_000219105.1	3
GCF_000219725.1	2
GCF_000219765.1	10
GCF_000219875.1	3
GCF_000220705.2	1
GCF_000220945.1	1
GCF_000222485.1	4
GCF_000224005.2	8
GCF_000224745.1	3
GCF_000224985.1	3
GCF_000225325.1	9
GCF_000225345.1	2
GCF_000225955.1	8
GCF_000226295.1	3
GCF_000227665.2	7
GCF_000227685.2	7
GCF_000227705.2	2
GCF_000227745.2	8
GCF_000230275.1	5
GCF_000230655.2	3
GCF_000231055.2	4
GCF_000231385.2	4
GCF_000233695.2	8
GCF_000233715.2	2
GCF_000233775.1	3
GCF_000233915.3	2
GCF_000235405.2	3
GCF_000235585.1	3
GCF_000235605.1	2
GCF_000236685.1	2
GCF_000237085.1	3
GCF_000237305.1	4
GCF_000237805.1	8
GCF_000237825.1	2
GCF_000238215.1	3
GCF_000240165.1	4
GCF_000241815.1	3
GCF_000241935.1	2
GCF_000242335.1	2
GCF_000242455.2	2
GCF_000242595.2	7
GCF_000242935.2	6
GCF_000243395.2	1
GCF_000244895.1	2
GCF_000244955.1	4
GCF_000244975.1	4
GCF_000245355.1	1
GCF_000246835.1	5
GCF_000246855.1	6
GCF_000247605.1	6
GCF_000247715.1	6
GCF_000248095.2	9
GCF_000250635.1	3
GCF_000250655.1	4
GCF_000250675.2	1
GCF_000252445.1	1
GCF_000252955.1	1
GCF_000252975.1	6
GCF_000252995.1	1
GCF_000253275.1	2
GCF_000253375.1	5
GCF_000255115.2	2
GCF_000255135.1	3
GCF_000255155.1	2
GCF_000255235.1	1
GCF_000255615.2	3
GCF_000258405.1	3
GCF_000258535.2	4
GCF_000258725.1	6
GCF_000260925.1	9
GCF_000260965.1	7
GCF_000261345.2	4
GCF_000262305.1	1
GCF_000262445.1	3
GCF_000263215.1	1
GCF_000264455.2	2
GCF_000264765.2	1
GCF_000265295.1	2
GCF_000265405.1	6
GCF_000265505.1	3
GCF_000266925.1	3
GCF_000266945.1	8
GCF_000269985.1	1
GCF_000270145.1	5
GCF_000270165.1	5
GCF_000271445.1	9
GCF_000277715.1	6
GCF_000279145.1	6
GCF_000280925.3	3
GCF_000281175.1	3
GCF_000282715.1	1
GCF_000283415.2	6
GCF_000283495.2	10
GCF_000283635.1	5
GCF_000283655.1	3
GCF_000283715.1	1
GCF_000284035.1	4
GCF_000284095.1	7
GCF_000284115.1	2
GCF_000284255.1	1
GCF_000284295.1	4
GCF_000284335.1	6
GCF_000284415.1	1
GCF_000294515.1	1
GCF_000294535.1	9
GCF_000296715.2	4
GCF_000297075.2	9
GCF_000298115.2	9
GCF_000299355.1	6
GCF_000300005.1	7
GCF_000304215.1	1
GCF_000305935.1	3
GCF_000306675.2	1
GCF_000306785.1	4
GCF_000306825.1	8
GCF_000307105.1	6
GCF_000307915.1	3
GCF_000308235.1	7
GCF_000309885.1	8
GCF_000309945.1	3
GCF_000311765.1	1
GCF_000313175.2	1
GCF_000317105.1	3
GCF_000317145.1	2
GCF_000317475.1	3
GCF_000317495.1	3
GCF_000317535.1	3
GCF_000317575.1	3
GCF_000317675.1	3
GCF_000317695.1	3
GCF_000318035.1	5
GCF_000321415.2	7
GCF_000327045.1	3
GCF_000328545.1	3
GCF_000328625.1	6
GCF_000328705.1	1
GCF_000328765.2	3
GCF_000328785.1	2
GCF_000328805.1	5
GCF_000328825.1	2
GCF_000328845.1	2
GCF_000331025.1	7
GCF_000331735.1	3
GCF_000331995.1	3
GCF_000332235.1	5
GCF_000338095.1	1
GCF_000340565.2	3
GCF_000340605.1	5
GCF_000340645.1	5
GCF_000340685.1	5
GCF_000340705.1	5
GCF_000340845.1	1
GCF_000340885.1	6
GCF_000341395.1	2
GCF_000347595.1	2
GCF_000347695.1	2
GCF_000348585.1	2
GCF_000349325.1	1
GCF_000349885.2	3
GCF_000355675.1	2
GCF_000359525.1	1
GCF_000365305.1	9
GCF_000365365.1	10
GCF_000365405.2	10
GCF_000367205.1	1
GCF_000376665.1	8
GCF_000380335.1	8
GCF_000380365.1	8
GCF_000385925.1	10
GCF_000385945.1	4
GCF_000390265.1	3
GCF_000400505.1	9
GCF_000400525.1	9
GCF_000400635.2	4
GCF_000403665.1	4
GCF_000406065.1	7
GCF_000406105.1	10
GCF_000406145.1	10
GCF_000406165.1	9
GCF_000406185.1	1
GCF_000406225.1	7
GCF_000406245.1	9
GCF_000406265.1	7
GCF_000406325.1	1
GCF_000418325.1	6
GCF_000418365.1	1
GCF_000439255.1	1
GCF_000441535.1	5
GCF_000442595.1	1
GCF_000444875.1	4
GCF_000454025.1	1
GCF_000454045.1	4
GCF_000454545.1	2
GCF_000463355.1	5
GCF_000468495.1	7
GCF_000470885.1	4
GCF_000473995.1	2
GCF_000477435.1	7
GCF_000484505.1	6
GCF_000484535.1	3
GCF_000494755.1	4
GCF_000497425.1	1
GCF_000497445.1	4
GCF_000503895.1	2
GCF_000504085.1	3
GCF_000504105.1	3
GCF_000504545.1	1
GCF_000507245.1	2
GCF_000511305.1	4
GCF_000512735.1	3
GCF_000512915.1	3
GCF_000513395.1	1
GCF_000513415.1	1
GCF_000517565.1	6
GCF_000520135.2	1
GCF_000521305.1	5
GCF_000521655.1	2
GCF_000521685.1	2
GCF_000521695.1	2
GCF_000521725.1	2
GCF_000521745.1	2
GCF_000521765.1	2
GCF_000523235.1	1
GCF_000525635.1	4
GCF_000550785.1	1
GCF_000550805.1	1
GCF_000568815.1	2
GCF_000576145.2	1
GCF_000576185.2	1
GCF_000577895.1	6
GCF_000583815.1	1
GCF_000599985.1	1
GCF_000612505.1	4
GCF_000612685.1	7
GCF_000624515.2	1
GCF_000625895.2	1
GCF_000632415.1	7
GCF_000661895.1	2
GCF_000671335.1	1
GCF_000695235.1	8
GCF_000696485.1	7
GCF_000696505.1	10
GCF_000696675.2	4
GCF_000710505.1	3
GCF_000723165.1	1
GCF_000723465.1	2
GCF_000724605.1	1
GCF_000732925.1	4
GCF_000734015.1	6
GCF_000736415.1	2
GCF_000736435.1	4
GCF_000737305.2	4
GCF_000737885.1	1
GCF_000739085.1	4
GCF_000739105.1	4
GCF_000739415.1	3
GCF_000739455.1	6
GCF_000743945.1	5
GCF_000746665.1	7
GCF_000747315.1	1
GCF_000747585.1	2
GCF_000755145.1	5
GCF_000756615.1	2
GCF_000758345.1	9
GCF_000758665.1	2
GCF_000758685.1	2
GCF_000758705.1	4
GCF_000758725.1	4
GCF_000761215.1	1
GCF_000763575.1	3
GCF_000766885.2	2
GCF_000767275.2	6
GCF_000767415.1	8
GCF_000772775.3	2
GCF_000783455.2	7
GCF_000785495.1	4
GCF_000785705.2	1
GCF_000789395.1	6
GCF_000800255.1	7
GCF_000800295.1	5
GCF_000800455.1	2
GCF_000801295.1	2
GCF_000802245.2	4
GCF_000807145.1	2
GCF_000807175.1	2
GCF_000807255.1	2
GCF_000807675.2	2
GCF_000812665.2	2
GCF_000814265.1	3
GCF_000814825.1	2
GCF_000816145.1	3
GCF_000816465.3	4
GCF_000817955.1	8
GCF_000817975.1	1
GCF_000818015.1	1
GCF_000819445.1	1
GCF_000819525.2	2
GCF_000819545.1	1
GCF_000827005.1	1
GCF_000827125.1	2
GCF_000828615.1	1
GCF_000828655.1	2
GCF_000828675.1	3
GCF_000828835.1	6
GCF_000828895.1	8
GCF_000830005.1	1
GCF_000831165.1	5
GCF_000831485.1	5
GCF_000831645.3	5
GCF_000833025.1	4
GCF_000833575.1	1
GCF_000834455.1	7
GCF_000875675.1	1
GCF_000876545.1	2
GCF_000935185.3	1
GCF_000940805.1	7
GCF_000941035.1	2
GCF_000943515.2	1
GCF_000950575.1	4
GCF_000952035.2	1
GCF_000953215.1	3
GCF_000953355.1	1
GCF_000953455.1	9
GCF_000953475.1	3
GCF_000953695.1	7
GCF_000953735.1	7
GCF_000955665.1	4
GCF_000961015.1	1
GCF_000961035.1	1
GCF_000961095.1	2
GCF_000963635.1	2
GCF_000967115.2	6
GCF_000968175.1	1
GCF_000968195.1	1
GCF_000968375.1	3
GCF_000968535.2	8
GCF_000973065.1	3
GCF_000973565.1	7
GCF_000974425.1	6
GCF_000975175.1	4
GCF_000978535.1	3
GCF_000978555.1	3
GCF_000978575.1	3
GCF_000980815.1	2
GCF_000980835.1	1
GCF_000981585.1	3
GCF_000981785.2	3
GCF_000982715.1	4
GCF_000988105.2	1
GCF_000988605.1	3
GCF_000988615.1	2
GCF_000988655.1	2
GCF_000988705.1	2
GCF_000988745.2	3
GCF_000993785.3	1
GCF_000993825.1	2
GCF_001006005.1	7
GCF_001007935.1	2
GCF_001008325.2	8
GCF_001008335.2	8
GCF_001010285.1	9
GCF_001013905.1	2
GCF_001017655.1	1
GCF_001020985.1	1
GCF_001021065.1	1
GCF_001025155.1	1
GCF_001025195.1	1
GCF_001025215.1	2
GCF_001026985.1	7
GCF_001027225.1	1
GCF_001027285.1	4
GCF_001027545.1	2
GCF_001028285.3	2
GCF_001038625.1	4
GCF_001039275.2	4
GCF_001042595.1	2
GCF_001042635.1	1
GCF_001042675.1	2
GCF_001042695.1	2
GCF_001042715.1	6
GCF_001047655.1	2
GCF_001050115.1	6
GCF_001050135.1	4
GCF_001050435.1	1
GCF_001077535.1	6
GCF_001077795.1	6
GCF_001182745.1	1
GCF_001188655.1	6
GCF_001188835.1	2
GCF_001189295.1	2
GCF_001190745.1	3
GCF_001190845.1	5
GCF_001190945.1	1
GCF_001262035.1	2
GCF_001262055.1	3
GCF_001263395.1	1
GCF_001263815.1	3
GCF_001264245.1	3
GCF_001267275.1	1
GCF_001267405.1	2
GCF_001267435.1	2
GCF_001267885.1	1
GCF_001272655.2	4
GCF_001273775.1	2
GCF_001274575.1	3
GCF_001274895.1	2
GCF_001277215.2	1
GCF_001277235.1	1
GCF_001277275.1	1
GCF_001277995.1	1
GCF_001278075.1	4
GCF_001278705.1	4
GCF_001281445.1	8
GCF_001281505.1	1
GCF_001293125.1	1
GCF_001295365.1	3
GCF_001296095.1	5
GCF_001296165.1	6
GCF_001298445.1	2
GCF_001302585.1	1
GCF_001308285.1	2
GCF_001314245.2	2
GCF_001318405.1	2
GCF_001399515.1	2
GCF_001399775.1	3
GCF_001402875.1	2
GCF_001412315.1	2
GCF_001412635.1	5
GCF_001421015.2	4
GCF_001432245.1	5
GCF_001434355.1	4
GCF_001443305.1	2
GCF_001443605.1	6
GCF_001443645.1	9
GCF_001444465.1	1
GCF_001447075.1	4
GCF_001454945.1	2
GCF_001455085.1	5
GCF_001455105.1	3
GCF_001455145.1	3
GCF_001455205.1	10
GCF_001458695.1	3
GCF_001459775.1	2
GCF_001465255.1	2
GCF_001465855.1	1
GCF_001469735.1	7
GCF_001477575.1	5
GCF_001477615.1	5
GCF_001481655.1	6
GCF_001481725.1	2
GCF_001482385.1	10
GCF_001483985.1	2
GCF_001484065.1	2
GCF_001484725.1	6
GCF_001518795.1	1
GCF_001518835.1	7
GCF_001518995.2	8
GCF_001542625.1	4
GCF_001543105.1	1
GCF_001543145.1	1
GCF_001543175.1	1
GCF_001543245.1	1
GCF_001544015.1	1
GCF_001547735.1	3
GCF_001547775.1	10
GCF_001547855.1	3
GCF_001547875.1	3
GCF_001548015.1	2
GCF_001548155.2	2
GCF_001548235.1	2
GCF_001548255.1	5
GCF_001553625.1	2
GCF_001553955.1	7
GCF_001558415.2	7
GCF_001558435.2	1
GCF_001558855.2	7
GCF_001563225.1	2
GCF_001564455.1	8
GCF_001577385.1	4
GCF_001577525.1	3
GCF_001577795.1	6
GCF_001579945.1	2
GCF_001583435.1	8
GCF_001586215.1	1
GCF_001586235.1	1
GCF_001586255.1	7
GCF_001596775.2	5
GCF_001598035.1	2
GCF_001598075.1	2
GCF_001611035.1	5
GCF_001611075.1	5
GCF_001611115.1	5
GCF_001611135.1	5
GCF_001611155.1	5
GCF_001611795.1	4
GCF_001611905.1	3
GCF_001612475.1	1
GCF_001617625.1	8
GCF_001618485.1	1
GCF_001618525.1	1
GCF_001618685.1	3
GCF_001620265.1	8
GCF_001620335.1	9
GCF_001628715.1	2
GCF_001628815.1	1
GCF_001632305.1	4
GCF_001632775.1	10
GCF_001632865.1	4
GCF_001633145.1	1
GCF_001633165.1	1
GCF_001636015.1	2
GCF_001639105.2	2
GCF_001640865.1	2
GCF_001642085.1	9
GCF_001643955.1	6
GCF_001644605.1	4
GCF_001644665.1	3
GCF_001646605.1	2
GCF_001647635.1	4
GCF_001648175.1	10
GCF_001651805.1	3
GCF_001654435.1	7
GCF_001660045.1	4
GCF_001660505.1	7
GCF_001680825.1	1
GCF_001683355.1	5
GCF_001685355.1	4
GCF_001685395.1	2
GCF_001685435.2	2
GCF_001685605.1	4
GCF_001688625.2	2
GCF_001688765.2	2
GCF_001688965.2	2
GCF_001690155.1	10
GCF_001692755.1	3
GCF_001693435.1	1
GCF_001693655.1	2
GCF_001693675.1	1
GCF_001696605.3	7
GCF_001697145.1	5
GCF_001697225.1	1
GCF_001697245.1	3
GCF_001697285.1	3
GCF_001698165.1	9
GCF_001700985.1	3
GCF_001701025.1	4
GCF_001701045.1	2
GCF_001702155.1	9
GCF_001702175.1	5
GCF_001702195.1	9
GCF_001703515.1	5
GCF_001704195.1	4
GCF_001704275.1	4
GCF_001704615.3	7
GCF_001704955.2	3
GCF_001705545.1	7
GCF_001705565.1	7
GCF_001712815.1	10
GCF_001714705.1	1
GCF_001717545.1	2
GCF_001721645.1	4
GCF_001723525.1	1
GCF_001729265.1	1
GCF_001729485.1	4
GCF_001729705.1	7
GCF_001729805.1	7
GCF_001735805.1	4
GCF_001742185.1	9
GCF_001742205.1	5
GCF_001746265.1	6
GCF_001746855.1	8
GCF_001747405.1	8
GCF_001747425.1	1
GCF_001750685.1	6
GCF_001750785.1	1
GCF_001753225.1	10
GCF_001753425.1	1
GCF_001761405.1	1
GCF_001767375.1	1
GCF_001854185.1	6
GCF_001854245.1	3
GCF_001855275.1	1
GCF_001855295.1	2
GCF_001855335.1	6
GCF_001855705.1	9
GCF_001856645.1	2
GCF_001856695.1	2
GCF_001857925.1	2
GCF_001857945.1	2
GCF_001858005.1	4
GCF_001865855.1	4
GCF_001870225.1	3
GCF_001874425.3	2
GCF_001874605.1	2
GCF_001877055.1	4
GCF_001880325.1	8
GCF_001885145.1	5
GCF_001886595.1	4
GCF_001886715.1	1
GCF_001886815.1	3
GCF_001887265.1	2
GCF_001887715.1	1
GCF_001888165.1	1
GCF_001889525.1	1
GCF_001900435.1	1
GCF_001902295.1	6
GCF_001902495.1	3
GCF_001907975.1	1
GCF_001908275.1	2
GCF_001908415.1	1
GCF_001921945.1	6
GCF_001922025.1	1
GCF_001922145.1	4
GCF_001922305.1	8
GCF_001931535.1	4
GCF_001936335.1	1
GCF_001941385.1	3
GCF_001941465.1	2
GCF_001941485.1	1
GCF_001941565.1	1
GCF_001941625.1	8
GCF_001941805.1	7
GCF_001941865.1	7
GCF_001955735.1	3
GCF_001956985.1	2
GCF_001975025.1	1
GCF_001975225.1	1
GCF_001975705.1	1
GCF_001975725.1	2
GCF_001983955.1	5
GCF_001983975.1	1
GCF_001984445.1	4
GCF_001984825.2	7
GCF_001988955.1	6
GCF_001997345.1	1
GCF_001997385.1	2
GCF_001998025.1	5
GCF_001998765.1	6
GCF_001998865.1	1
GCF_001998885.1	5
GCF_001999965.1	2
GCF_002000985.1	5
GCF_002003265.1	3
GCF_002003285.1	2
GCF_002003305.1	6
GCF_002003325.1	2
GCF_002003345.1	4
GCF_002003365.1	6
GCF_002003385.1	2
GCF_002005145.1	6
GCF_002005165.1	3
GCF_002005185.1	3
GCF_002005225.1	1
GCF_002006565.1	9
GCF_002007645.1	2
GCF_002007765.1	3
GCF_002009175.1	1
GCF_002009335.2	3
GCF_002012345.1	1
GCF_002019855.1	4
GCF_002021875.1	4
GCF_002022105.1	4
GCF_002022745.1	2
GCF_002028425.1	4
GCF_002043025.1	3
GCF_002056725.1	1
GCF_002056795.1	6
GCF_002068115.1	9
GCF_002072815.1	7
GCF_002073215.2	7
GCF_002073355.2	5
GCF_002073715.2	3
GCF_002074155.1	6
GCF_002075105.1	6
GCF_002075285.3	3
GCF_002076915.1	1
GCF_002077215.1	3
GCF_002079945.1	1
GCF_002080125.1	7
GCF_002080475.1	6
GCF_002082175.1	1
GCF_002082195.1	1
GCF_002082585.1	1
GCF_002082605.1	1
GCF_002082765.1	5
GCF_002095975.1	3
GCF_002096055.1	4
GCF_002105555.1	2
GCF_002117005.1	2
GCF_002119605.1	2
GCF_002142615.1	7
GCF_002148255.1	2
GCF_002156805.1	1
GCF_002157205.1	1
GCF_002157225.2	7
GCF_002157875.1	7
GCF_002157895.1	7
GCF_002158865.1	1
GCF_002158885.1	5
GCF_002162115.1	1
GCF_002162335.1	4
GCF_002162355.1	3
GCF_002163975.1	3
GCF_002165345.2	7
GCF_002176835.1	9
GCF_002180335.1	7
GCF_002189675.2	1
GCF_002192415.1	4
GCF_002192455.1	4
GCF_002196515.1	8
GCF_002197485.1	3
GCF_002197645.1	4
GCF_002201795.1	2
GCF_002202015.1	4
GCF_002202115.1	3
GCF_002202135.1	1
GCF_002205315.1	7
GCF_002209125.2	4
GCF_002209385.1	7
GCF_002211605.1	6
GCF_002211885.1	1
GCF_002211925.1	1
GCF_002215075.1	4
GCF_002217795.2	9
GCF_002218025.2	7
GCF_002220155.1	1
GCF_002220195.1	1
GCF_002220735.1	2
GCF_002220775.1	6
GCF_002220795.1	6
GCF_002221555.2	2
GCF_002221705.2	2
GCF_002222595.2	6
GCF_002222655.1	9
GCF_002224425.1	5
GCF_002224645.1	3
GCF_002234535.1	1
GCF_002234575.2	2
GCF_002240225.1	2
GCF_002240355.1	1
GCF_002240415.1	2
GCF_002243385.1	8
GCF_002243515.1	3
GCF_002243535.1	5
GCF_002243625.1	2
GCF_002243665.1	3
GCF_002250075.1	3
GCF_002250885.2	6
GCF_002250925.2	6
GCF_002251025.2	6
GCF_002251055.2	6
GCF_002251115.2	6
GCF_002257525.1	1
GCF_002257545.1	7
GCF_002260685.1	4
GCF_002263495.1	1
GCF_002263515.1	1
GCF_002269255.1	1
GCF_002269365.1	4
GCF_002277955.1	3
GCF_002285455.1	9
GCF_002285495.1	6
GCF_002287705.1	8
GCF_002287905.1	9
GCF_002288125.1	2
GCF_002288155.1	2
GCF_002288205.1	2
GCF_002288545.1	9
GCF_002290025.1	5
GCF_002300135.1	6
GCF_002302475.1	6
GCF_002302635.1	6
GCF_002305895.1	3
GCF_002354875.1	4
GCF_002355215.1	1
GCF_002355795.1	6
GCF_002355835.1	2
GCF_002355935.1	1
GCF_002356035.1	4
GCF_002356115.1	1
GCF_002356355.1	9
GCF_002356455.1	2
GCF_002356555.2	8
GCF_002367955.1	3
GCF_002367975.1	6
GCF_002367995.1	3
GCF_002368015.1	3
GCF_002368035.1	2
GCF_002368055.1	3
GCF_002368075.1	3
GCF_002368095.1	3
GCF_002368115.1	3
GCF_002368135.1	3
GCF_002368155.1	2
GCF_002368275.1	3
GCF_002368295.1	3
GCF_002370195.2	6
GCF_002381265.1	5
GCF_002386185.1	5
GCF_002386345.1	5
GCF_002407265.1	2
GCF_002441855.2	2
GCF_002441955.1	9
GCF_002442515.1	5
GCF_002442575.1	2
GCF_002447275.1	5
GCF_002447575.1	5
GCF_002447995.1	5
GCF_002456135.1	2
GCF_002549795.1	1
GCF_002556545.1	4
GCF_002557795.1	6
GCF_002568625.1	1
GCF_002586945.1	1
GCF_002591335.1	4
GCF_002706425.1	5
GCF_002706485.1	9
GCF_002706565.1	6
GCF_002706705.1	6
GCF_002706745.1	5
GCF_002715865.1	1
GCF_002736025.1	5
GCF_002741055.1	4
GCF_002741335.1	1
GCF_002741375.1	1
GCF_002741725.1	4
GCF_002752655.1	2
GCF_002760935.1	1
GCF_002761215.1	2
GCF_002761235.1	1
GCF_002763625.1	2
GCF_002763775.1	5
GCF_002763875.1	5
GCF_002764035.1	9
GCF_002777255.1	6
GCF_002777535.1	1
GCF_002786455.2	7
GCF_002787125.1	5
GCF_002803845.1	2
GCF_002803865.1	1
GCF_002803925.1	1
GCF_002803965.1	1
GCF_002804065.1	3
GCF_002804085.1	1
GCF_002804165.1	1
GCF_002812345.2	5
GCF_002812425.1	10
GCF_002812485.1	9
GCF_002813775.1	2
GCF_002831565.1	6
GCF_002843965.1	1
GCF_002844395.1	3
GCF_002849855.1	9
GCF_002850015.1	9
GCF_002850035.1	6
GCF_002850055.1	6
GCF_002863805.1	8
GCF_002863905.1	4
GCF_002865805.1	6
GCF_002868735.1	2
GCF_002869785.1	4
GCF_002874775.1	10
GCF_002881375.1	10
GCF_002881415.1	10
GCF_002881495.1	10
GCF_002887275.1	4
GCF_002887555.1	9
GCF_002892595.1	3
GCF_002893785.1	3
GCF_002893885.1	4
GCF_002893965.1	4
GCF_002896855.1	3
GCF_002903065.1	1
GCF_002946555.2	6
GCF_002946835.1	1
GCF_002947505.1	1
GCF_002949475.1	1
GCF_002949635.1	4
GCF_002950175.1	1
GCF_002950395.1	1
GCF_002950945.1	4
GCF_002951395.1	4
GCF_002951875.1	3
GCF_002952055.1	8
GCF_002952135.1	1
GCF_002952315.1	9
GCF_002954165.1	7
GCF_002973655.1	3
GCF_002982135.1	5
GCF_002983665.1	7
GCF_002984485.1	7
GCF_002993285.1	6
GCF_002998435.1	2
GCF_002998535.1	5
GCF_002999035.1	5
GCF_003004765.2	4
GCF_003006075.1	5
GCF_003006415.1	3
GCF_003008535.1	7
GCF_003010495.1	10
GCF_003013675.1	4
GCF_003015185.1	3
GCF_003015715.1	2
GCF_003019315.1	5
GCF_003019655.1	2
GCF_003019675.1	2
GCF_003019695.1	6
GCF_003019715.1	5
GCF_003019755.1	3
GCF_003019925.1	1
GCF_003020045.1	2
GCF_003030465.1	2
GCF_003031305.1	1
GCF_003032015.1	1
GCF_003033945.1	4
GCF_003047105.1	1
GCF_003047205.1	2
GCF_003048375.1	6
GCF_003049785.1	10
GCF_003050685.1	2
GCF_003051865.1	1
GCF_003054475.1	3
GCF_003054515.1	8
GCF_003054555.1	2
GCF_003055835.1	1
GCF_003071405.1	8
GCF_003071525.2	2
GCF_003074055.1	4
GCF_003076315.1	1
GCF_003076375.1	5
GCF_003086595.1	4
GCF_003096015.2	1
GCF_003096175.1	5
GCF_003096215.1	3
GCF_003097515.1	1
GCF_003101015.1	2
GCF_003111645.1	1
GCF_003111665.1	10
GCF_003122365.1	1
GCF_003147545.1	4
GCF_003149495.1	2
GCF_003176795.1	1
GCF_003176815.1	1
GCF_003184245.1	2
GCF_003194045.1	2
GCF_003208035.1	4
GCF_003209395.1	6
GCF_003254845.1	1
GCF_003255855.1	4
GCF_003255895.1	1
GCF_003258315.1	1
GCF_003258335.1	7
GCF_003261035.1	2
GCF_003268675.1	4
GCF_003285105.1	8
GCF_003285205.1	1
GCF_003287015.1	7
GCF_003288095.1	4
GCF_003294895.1	1
GCF_003294925.1	1
GCF_003312465.1	8
GCF_003312875.1	4
GCF_003323815.1	7
GCF_003325375.1	1
GCF_003325455.1	2
GCF_003330865.1	4
GCF_003343225.1	9
GCF_003343245.1	9
GCF_003343305.1	4
GCF_003344445.1	4
GCF_003345255.1	8
GCF_003351365.1	4
GCF_003351545.1	2
GCF_003351565.1	2
GCF_003351625.1	2
GCF_003351665.1	3
GCF_003351685.1	2
GCF_003352445.1	1
GCF_003353065.1	3
GCF_003355195.1	2
GCF_003367415.1	1
GCF_003367905.1	10
GCF_003391095.1	1
GCF_003391135.1	1
GCF_003391275.1	1
GCF_003403135.1	10
GCF_003410275.1	1
GCF_003410375.1	9
GCF_003427055.1	2
GCF_003427415.1	7
GCF_003428925.1	1
GCF_003429265.1	2
GCF_003429485.1	1
GCF_003429505.1	1
GCF_003429525.1	1
GCF_003433295.1	8
GCF_003443935.1	7
GCF_003443955.1	7
GCF_003454755.1	1
GCF_003491405.1	1
GCF_003491425.1	6
GCF_003516205.1	4
GCF_003534205.1	6
GCF_003544835.1	3
GCF_003544875.1	3
GCF_003544915.1	3
GCF_003546865.1	1
GCF_003568865.1	2
GCF_003571485.1	9
GCF_003573485.1	1
GCF_003574215.1	3
GCF_003574985.1	1
GCF_003575005.1	1
GCF_003584645.1	8
GCF_003586525.1	4
GCF_003589745.1	5
GCF_003589885.1	1
GCF_003589905.1	5
GCF_003589945.1	5
GCF_003590055.1	4
GCF_003590075.1	2
GCF_003595235.1	4
GCF_003595345.1	5
GCF_003595605.1	3
GCF_003597595.1	5
GCF_003597655.1	5
GCF_003606265.1	6
GCF_003609775.1	5
GCF_003609995.1	8
GCF_003610995.1	4
GCF_003612775.1	4
GCF_003612795.1	1
GCF_003612835.1	2
GCF_003612855.1	2
GCF_003612955.1	4
GCF_003614235.1	3
GCF_003627295.1	9
GCF_003627375.1	9
GCF_003627815.1	4
GCF_003628575.1	9
GCF_003628695.1	9
GCF_003628715.1	9
GCF_003628775.1	9
GCF_003665375.1	9
GCF_003665435.1	4
GCF_003671995.1	1
GCF_003675345.1	1
GCF_003691505.1	7
GCF_003691585.1	6
GCF_003710225.1	9
GCF_003711105.1	1
GCF_003721455.1	7
GCF_003722295.1	2
GCF_003722315.1	3
GCF_003723955.1	2
GCF_003732505.1	6
GCF_003795125.1	1
GCF_003795145.1	2
GCF_003798145.1	7
GCF_003798325.1	3
GCF_003812285.1	1
GCF_003812705.1	4
GCF_003812825.1	3
GCF_003813965.1	1
GCF_003813985.1	8
GCF_003814005.1	1
GCF_003815695.1	6
GCF_003815855.1	6
GCF_003815995.1	4
GCF_003855635.1	1
GCF_003855655.1	9
GCF_003856495.1	3
GCF_003860425.1	9
GCF_003860585.1	4
GCF_003925875.1	5
GCF_003931855.1	2
GCF_003932075.1	2
GCF_003932935.1	4
GCF_003945305.1	2
GCF_003945345.1	4
GCF_003945385.1	4
GCF_003949975.1	2
GCF_003950215.1	7
GCF_003952825.1	2
GCF_003952845.1	1
GCF_003955865.1	2
GCF_003955925.1	1
GCF_003955985.1	1
GCF_003956085.1	6
GCF_003957805.1	2
GCF_003966565.1	3
GCF_003966675.1	7
GCF_003966875.1	2
GCF_003966895.1	3
GCF_003966975.1	2
GCF_003967075.1	2
GCF_003967115.1	5
GCF_003967135.1	5
GCF_003970715.1	4
GCF_003971365.1	7
GCF_003971445.1	1
GCF_003971465.1	1
GCF_003971485.1	1
GCF_003991135.1	3
GCF_003991855.1	4
GCF_003992745.1	9
GCF_003994375.1	4
GCF_003994395.1	1
GCF_003999255.1	3
GCF_003999295.1	4
GCF_003999355.1	6
GCF_004000565.1	4
GCF_004001205.1	2
GCF_004001245.1	1
GCF_004006635.1	3
GCF_004011055.1	2
GCF_004011075.1	1
GCF_004014985.1	6
GCF_004015025.1	2
GCF_004015125.1	2
GCF_004015165.1	6
GCF_004015345.1	2
GCF_004022545.1	7
GCF_004087915.1	7
GCF_004101825.1	6
GCF_004102045.1	9
GCF_004104525.2	1
GCF_004114715.1	2
GCF_004114735.1	5
GCF_004116975.1	1
GCF_004117055.1	2
GCF_004117075.1	3
GCF_004117095.1	4
GCF_004135085.1	1
GCF_004135105.1	7
GCF_004135735.1	3
GCF_004135755.1	4
GCF_004135975.1	8
GCF_004154955.1	2
GCF_004168365.1	7
GCF_004208415.1	4
GCF_004208435.1	6
GCF_004208455.1	6
GCF_004210255.1	4
GCF_004214815.1	3
GCF_004295125.1	2
GCF_004299845.1	3
GCF_004319545.1	3
GCF_004322855.1	6
GCF_004328555.1	1
GCF_004353865.1	1
GCF_004421105.1	8
GCF_004563755.2	3
GCF_004564215.1	2
GCF_004758605.1	8
GCF_004801255.1	1
GCF_004843165.1	7
GCF_004843345.1	7
GCF_004843545.1	5
GCF_004851605.1	1
GCF_004916755.1	1
GCF_004924375.1	2
GCF_005083985.2	6
GCF_005121165.1	2
GCF_005144885.1	1
GCF_005160065.1	3
GCF_005161605.1	10
GCF_005165545.1	1
GCF_005221285.1	2
GCF_005221305.1	2
GCF_005222145.1	2
GCF_005222505.1	2
GCF_005311005.1	5
GCF_005347505.1	6
GCF_005377625.1	3
GCF_005517195.1	4
GCF_005518075.1	7
GCF_005519465.1	1
GCF_005671335.1	2
GCF_005696695.1	2
GCF_005696855.1	6
GCF_005843985.1	3
GCF_005844045.1	6
GCF_005886075.1	5
GCF_005886215.1	2
GCF_005886435.1	8
GCF_005931095.1	8
GCF_005944105.1	4
GCF_005952805.1	2
GCF_006088775.1	1
GCF_006228565.1	2
GCF_006229535.1	4
GCF_006339625.1	6
GCF_006351985.1	4
GCF_006364815.1	5
GCF_006378235.1	4
GCF_006384175.1	1
GCF_006400955.1	2
GCF_006401215.1	2
GCF_006401635.1	3
GCF_006402015.1	2
GCF_006402735.1	3
GCF_006516935.1	4
GCF_006542315.1	7
GCF_006711645.1	7
GCF_006716135.1	4
GCF_006716385.1	2
GCF_006874745.1	1
GCF_006874765.1	1
GCF_006974005.1	4
GCF_007005445.1	2
GCF_007066085.1	2
GCF_007066225.1	3
GCF_007164525.1	3
GCF_007165405.1	1
GCF_007165645.1	1
GCF_007182855.1	3
GCF_007197715.1	5
GCF_007197835.1	4
GCF_007361935.1	2
GCF_007362135.1	4
GCF_007362295.1	4
GCF_007363395.1	4
GCF_007475525.1	3
GCF_007641255.1	2
GCF_007725005.1	4
GCF_007904085.1	3
GCF_007923185.1	5
GCF_007954585.1	7
GCF_007954605.1	5
GCF_007954685.1	8
GCF_007964805.1	2
GCF_007965585.1	2
GCF_007970185.1	6
GCF_007970465.1	1
GCF_007971225.1	6
GCF_007971385.1	6
GCF_007981025.1	2
GCF_007990365.1	3
GCF_007990385.1	6
GCF_007990425.1	3
GCF_007990445.1	5
GCF_007990505.1	6
GCF_007990525.1	5
GCF_007990575.1	3
GCF_007993755.1	2
GCF_008001015.1	4
GCF_008033135.1	2
GCF_008064875.1	1
GCF_008064895.1	1
GCF_008064915.1	1
GCF_008064995.1	1
GCF_008065095.1	2
GCF_008083195.1	2
GCF_008087625.1	2
GCF_008087665.1	2
GCF_008118345.1	1
GCF_008119665.1	1
GCF_008120855.1	2
GCF_008120875.1	2
GCF_008120895.1	2
GCF_008121495.1	2
GCF_008151785.1	2
GCF_008152665.1	5
GCF_008153055.1	5
GCF_008153345.1	5
GCF_008244765.1	3
GCF_008245005.1	6
GCF_008274945.1	2
GCF_008274965.1	2
GCF_008281175.1	2
GCF_008306195.1	4
GCF_008327825.1	3
GCF_008329845.1	5
GCF_008329925.1	7
GCF_008329945.1	5
GCF_008330965.1	2
GCF_008365355.1	2
GCF_008369625.1	10
GCF_008369725.1	4
GCF_008369805.1	5
GCF_008375315.1	8
GCF_008630635.1	7
GCF_008632615.1	5
GCF_008632955.1	4
GCF_008639045.1	4
GCF_008639165.1	4
GCF_008642315.1	4
GCF_008642375.1	4
GCF_008693725.1	10
GCF_008693785.1	8
GCF_008704395.1	4
GCF_008704425.1	4
GCF_008704445.1	2
GCF_008704475.1	1
GCF_008704495.1	1
GCF_008704515.1	4
GCF_008704535.1	4
GCF_008704555.1	1
GCF_008704575.1	4
GCF_008704655.1	4
GCF_008704715.1	4
GCF_008704795.1	1
GCF_008704855.1	1
GCF_008704935.1	4
GCF_008704995.1	1
GCF_008705135.1	4
GCF_008705175.1	3
GCF_008728395.1	2
GCF_008728655.1	4
GCF_008803015.1	9
GCF_008808035.1	4
GCF_008831325.1	8
GCF_008831365.1	5
GCF_008831385.1	6
GCF_008831445.1	2
GCF_008831485.1	1
GCF_008931305.1	4
GCF_008931545.1	7
GCF_008935055.1	4
GCF_009017295.1	1
GCF_009176645.1	7
GCF_009177095.1	2
GCF_009184745.1	1
GCF_009295845.1	9
GCF_009295885.1	5
GCF_009295905.1	1
GCF_009296025.1	1
GCF_009299385.1	4
GCF_009301415.1	1
GCF_009362995.1	10
GCF_009363075.1	4
GCF_009363095.1	4
GCF_009363115.1	2
GCF_009363155.1	1
GCF_009372195.1	3
GCF_009387815.1	1
GCF_009497875.1	8
GCF_009498035.1	4
GCF_009498235.1	9
GCF_009648775.1	1
GCF_009649955.1	6
GCF_009650015.1	1
GCF_009650215.1	4
GCF_009650255.1	10
GCF_009664085.1	8
GCF_009664345.1	2
GCF_009664365.1	4
GCF_009664875.1	5
GCF_009665235.1	7
GCF_009671065.1	2
GCF_009671205.1	4
GCF_009676725.1	10
GCF_009676955.1	4
GCF_009684695.1	2
GCF_009685195.1	2
GCF_009688945.1	2
GCF_009688985.1	3
GCF_009689005.1	2
GCF_009707765.1	2
GCF_009720125.1	8
GCF_009720165.1	1
GCF_009730335.1	8
GCF_009730435.1	4
GCF_009730475.1	2
GCF_009730535.1	5
GCF_009730655.1	7
GCF_009731445.1	2
GCF_009734265.1	1
GCF_009734365.1	5
GCF_009734445.1	8
GCF_009735625.1	6
GCF_009738105.1	5
GCF_009738535.1	9
GCF_009738555.1	5
GCF_009739905.1	4
GCF_009758075.1	5
GCF_009758095.1	2
GCF_009762695.1	1
GCF_900005615.1	2
GCF_900015005.1	5
GCF_900066015.1	3
GCF_900070325.1	2
GCF_900086555.1	2
GCF_900089595.1	4
GCF_900089605.1	4
GCF_900090235.1	4
GCF_900090265.1	2
GCF_900090275.1	4
GCF_900090285.1	4
GCF_900090295.1	1
GCF_900090305.1	4
GCF_900091425.1	4
GCF_900091445.1	4
GCF_900091455.1	4
GCF_900091495.1	4
GCF_900091505.1	4
GCF_900091515.1	4
GCF_900091545.1	2
GCF_900094325.1	2
GCF_900095075.1	2
GCF_900095135.1	6
GCF_900095795.1	6
GCF_900097105.1	2
GCF_900097245.1	2
GCF_900101785.1	4
GCF_900103625.1	1
GCF_900103775.1	1
GCF_900104535.1	4
GCF_900104725.1	4
GCF_900104745.1	4
GCF_900105025.1	1
GCF_900105045.1	4
GCF_900105065.1	4
GCF_900105225.1	2
GCF_900105385.1	4
GCF_900105785.1	4
GCF_900105855.1	4
GCF_900105865.1	1
GCF_900105885.1	1
GCF_900105925.1	4
GCF_900105995.1	3
GCF_900106055.1	2
GCF_900120165.1	1
GCF_900120235.1	6
GCF_900120245.1	2
GCF_900120345.1	5
GCF_900128415.1	1
GCF_900142435.1	3
GCF_900142895.1	1
GCF_900142975.1	2
GCF_900176595.1	6
GCF_900183405.1	5
GCF_900183975.1	7
GCF_900183995.1	7
GCF_900186835.1	7
GCF_900186885.1	3
GCF_900186975.1	1
GCF_900187035.1	3
GCF_900187045.1	1
GCF_900187085.1	10
GCF_900187165.1	6
GCF_900187175.1	6
GCF_900187215.1	6
GCF_900187235.1	1
GCF_900187265.1	4
GCF_900187285.1	5
GCF_900187295.1	2
GCF_900187305.1	2
GCF_900199375.1	2
GCF_900209925.1	2
GCF_900230115.1	3
GCF_900232105.1	3
GCF_900236475.1	1
GCF_900236505.1	1
GCF_900258445.1	1
GCF_900258455.1	5
GCF_900324475.1	7
GCF_900343145.1	2
GCF_900474945.1	10
GCF_900474955.1	10
GCF_900475015.1	5
GCF_900475065.1	5
GCF_900475095.1	10
GCF_900475275.1	5
GCF_900475365.1	1
GCF_900475375.1	4
GCF_900475595.1	5
GCF_900475655.1	1
GCF_900475675.1	5
GCF_900475695.1	5
GCF_900475915.1	1
GCF_900475935.1	3
GCF_900476035.1	5
GCF_900476255.1	2
GCF_900477945.1	5
GCF_900477975.1	1
GCF_900478025.1	5
GCF_900478035.1	1
GCF_900478115.1	4
GCF_900478135.1	1
GCF_900478185.1	10
GCF_900478265.1	2
GCF_900478315.1	2
GCF_900492165.1	5
GCF_900492555.1	10
GCF_900519125.1	4
GCF_900537995.1	5
GCF_900603025.1	6
GCF_900604845.1	8
GCF_900610365.1	1
GCF_900635135.1	1
GCF_900635155.1	5
GCF_900635345.1	10
GCF_900635495.1	1
GCF_900635935.1	5
GCF_900636035.1	1
GCF_900636325.1	5
GCF_900636475.1	5
GCF_900636525.1	5
GCF_900636565.1	5
GCF_900636575.1	10
GCF_900636665.1	5
GCF_900636765.1	2
GCF_900636915.1	2
GCF_900636945.1	2
GCF_900637055.1	4
GCF_900637075.1	10
GCF_900637105.1	7
GCF_900637125.1	2
GCF_900637165.1	2
GCF_900637175.1	2
GCF_900637185.1	4
GCF_900637225.1	2
GCF_900637275.1	5
GCF_900637295.1	1
GCF_900637305.1	10
GCF_900637495.1	7
GCF_900637515.1	5
GCF_900637555.1	1
GCF_900637565.1	1
GCF_900637605.1	1
GCF_900637625.1	1
GCF_900637695.1	1
GCF_900637705.1	2
GCF_900637725.1	6
GCF_900637745.1	5
GCF_900637815.1	1
GCF_900637855.1	2
GCF_900637915.1	6
GCF_900637925.1	1
GCF_900637935.1	2
GCF_900637955.1	1
GCF_900637965.1	1
GCF_900637975.1	1
GCF_900638055.1	5
GCF_900638215.1	1
GCF_900638255.1	1
GCF_900638305.1	3
GCF_900638345.1	2
GCF_900638355.1	3
GCF_900638535.1	8
GCF_900638565.1	8
GCF_900638585.1	10
GCF_900638645.1	6
GCF_900638655.1	7
GCF_900638685.1	2
GCF_900683635.1	4
GCF_900683735.1	2
GCF_900683755.1	6
GCF_900683775.1	2
GCF_901472405.1	2
GCF_901482445.1	2
GCF_901521425.1	5
GCF_901542335.1	2
GCF_901542365.1	5
GCF_901543175.1	1
GCF_901543415.1	5
GCF_901543605.1	5
GCF_902381645.1	5
GCF_902381675.1	2
GCF_902381715.1	5
GCF_902381755.1	1
GCF_902381815.1	6
GCF_902385735.1	6
GCF_902385935.1	2
GCF_902386045.1	2
GCF_902386185.1	2
GCF_902386615.1	1
GCF_902386655.1	5
GCF_902386925.1	10
GCF_902386945.1	4
GCF_902387115.1	10
GCF_902387545.1	2
GCF_902387715.1	2
GCF_902387945.1	5
GCF_902387955.1	2
GCF_902387975.1	1
GCF_902388025.1	6
